"Test Name","Start Time","End Time","Time Spent","Method"
"Unit_test/Unit_01","5.320000","5.900000","0.580000","ijk"
"Unit_test/Unit_01","5.901000","6.432000","0.531000","ikj"
"Unit_test/Unit_01","6.432000","6.974000","0.542000","jik"
"Unit_test/Unit_01","6.979000","7.667000","0.688000","jki"
"Unit_test/Unit_01","7.668000","8.203000","0.535000","kij"
"Unit_test/Unit_01","8.204000","8.843000","0.639000","kji"
"Unit_test/Unit_02","36.795000","37.265000","0.470000","ijk"
"Unit_test/Unit_02","37.266000","37.656000","0.390000","ikj"
"Unit_test/Unit_02","37.656000","38.060000","0.404000","jik"
"Unit_test/Unit_02","38.061000","38.538000","0.477000","jki"
"Unit_test/Unit_02","38.539000","39.005000","0.466000","kij"
"Unit_test/Unit_02","39.005000","39.571000","0.566000","kji"
"Unit_test/Unit_03","59.704000","60.165000","0.461000","ijk"
"Unit_test/Unit_03","60.166000","60.588000","0.422000","ikj"
"Unit_test/Unit_03","60.589000","61.013000","0.424000","jik"
"Unit_test/Unit_03","61.014000","61.600000","0.586000","jki"
"Unit_test/Unit_03","61.601000","62.145000","0.544000","kij"
"Unit_test/Unit_03","62.146000","62.709000","0.563000","kji"
"Unit_test/Unit_04","625.151000","625.151000","0.000000","ijk"
"Unit_test/Unit_04","625.152000","625.152000","0.000000","ikj"
"Unit_test/Unit_04","625.154000","625.154000","0.000000","jik"
"Unit_test/Unit_04","625.155000","625.155000","0.000000","jki"
"Unit_test/Unit_04","625.156000","625.156000","0.000000","kij"
"Unit_test/Unit_04","625.157000","625.157000","0.000000","kji"
"Unit_test/Unit_01","2.481000","2.481000","0.000000","ijk"
"Unit_test/Unit_01","2.503000","2.503000","0.000000","ikj"
"Unit_test/Unit_01","2.527000","2.527000","0.000000","jik"
"Unit_test/Unit_01","2.546000","2.546000","0.000000","jki"
"Unit_test/Unit_01","2.565000","2.565000","0.000000","kij"
"Unit_test/Unit_01","2.581000","2.581000","0.000000","kji"
"Unit_test/Unit_01","13.961000","20.839000","6.878000","ijk"
"Unit_test/Unit_01","20.839000","25.188000","4.349000","ikj"
"Unit_test/Unit_01","25.188000","30.359000","5.171000","jik"
"Unit_test/Unit_01","30.360000","38.323000","7.963000","jki"
"Unit_test/Unit_01","38.324000","42.815000","4.491000","kij"
"Unit_test/Unit_01","42.816000","50.048000","7.232000","kji"
"Unit_test/Unit_02","369.313000","377.569000","8.256000","ijk"
"Unit_test/Unit_02","377.570000","382.608000","5.038000","ikj"
"Unit_test/Unit_02","382.608000","388.182000","5.574000","jik"
"Unit_test/Unit_02","388.183000","400.495000","12.312000","jki"
"Unit_test/Unit_02","400.495000","404.759000","4.264000","kij"
"Unit_test/Unit_02","404.760000","414.763000","10.003000","kji"
"Unit_test/Unit_01","4.695000","4.695000","0.000000","ijk"
"Unit_test/Unit_01","4.697000","4.697000","0.000000","ikj"
"Unit_test/Unit_01","4.697000","4.697000","0.000000","jik"
"Unit_test/Unit_01","4.698000","4.698000","0.000000","jki"
"Unit_test/Unit_01","4.700000","4.700000","0.000000","kij"
"Unit_test/Unit_01","4.701000","4.701000","0.000000","kji"
"Unit_test/Unit_01","3.047000","3.047000","0.000000","ijk"
"Unit_test/Unit_01","3.070000","3.070000","0.000000","ikj"
"Unit_test/Unit_01","3.093000","3.093000","0.000000","jik"
"Unit_test/Unit_01","3.117000","3.117000","0.000000","jki"
"Unit_test/Unit_01","3.135000","3.135000","0.000000","kij"
"Unit_test/Unit_01","3.151000","3.151000","0.000000","kji"
